Workbook
Name GlobalRate: 0.125
Name Rate: 0.1
Name Numbers: Inputs!$A$1:$A$8
Name Rate: 0.2

Sheet Inputs
A1: 2 | B1: TRUE | C1: apple | D1: red | E1: 1 | F1: 59
A2: 4 | B2: FALSE | C2: apricot | D2: red | E2: 2 | F2: 60
A3: 4 | B3: 3 | C3: a*b | D3: blue | E3: 3 | F3: 61
A4: 8 | B4: x | C4: A?b | D4: red | E4: 4 | F4: 0.12345679
A5: 10 | C5: berry | D5: blue | E5: 5 | F5: 45292.123
A6: 12 | B6: 0 | C6: alpha | D6: red | E6: 6
A7: 14 | B7: ="" | C7: ~ | D7: blue | E7: 7
A8: 16 | B8: 5 | D8: red | E8: 8

Sheet Lookup
A1: 1 | B1: one | D1: 9
A2: 3 | B2: three | D2: 5
A3: 5 | B3: five | D3: 3
A4: 9 | B4: nine | D4: 1
A6: 1 | B6: 3 | C6: 5 | D6: 9
A7: 10 | B7: 30 | C7: 50 | D7: 90

Sheet Matrix
A1: 1 | B1: 2 | C1: 3
A2: 4 | B2: 5 | C2: 6
A3: 7 | B3: 8 | C3: 9

Sheet Hidden
A1: 1 | B1: 10
A2: 2 | B2: 20
A3: 3
A4: 4
A5: 5
A6: =SUBTOTAL(9,B1:B2)
A7: text

Sheet Flows
A1: -1000
A2: 300
A3: 400
A4: 500

Sheet Errors
A1: #NULL!
A2: #DIV/0!
A3: #VALUE!
A4: #REF!
A5: #NAME?
A6: #NUM!
A7: #N/A
A8: #GETTING_DATA

Sheet Stability
A1: 100000000001
A2: 100000000002
A3: 100000000003
A4: 100000000004

Sheet Jan
A1: 10

Sheet Feb
A1: 20

Sheet Mar
A1: 30

Sheet Cases
A1: Case ID | B1: Native formula result | C1: Mode | D1: Original formula
A2: phantom-date-1904 | B2: =DATE(1900,2,29) | C2: cached_equal | D2: DATE(1900,2,29)
A3: phantom-day-1904 | B3: =DAY(60) | C3: cached_equal | D3: DAY(60)
A4: phantom-month-1904 | B4: =MONTH(60) | C4: cached_equal | D4: MONTH(60)
A5: phantom-year-1904 | B5: =YEAR(60) | C5: cached_equal | D5: YEAR(60)
A6: weekday-61-1904 | B6: =WEEKDAY(61) | C6: cached_equal | D6: WEEKDAY(61)
A7: weekday-monday-1904 | B7: =WEEKDAY(61,2) | C7: cached_equal | D7: WEEKDAY(61,2)
A8: date-month-overflow-1904 | B8: =DATE(2024,14,0) | C8: cached_equal | D8: DATE(2024,14,0)
A9: date-day-negative-1904 | B9: =DATE(2024,3,-1) | C9: cached_equal | D9: DATE(2024,3,-1)
A10: date-short-year-1904 | B10: =DATE(24,1,1) | C10: cached_equal | D10: DATE(24,1,1)
A11: date-1904-origin-1904 | B11: =DATE(1904,1,1) | C11: cached_equal | D11: DATE(1904,1,1)
A12: edate-leap-back-1904 | B12: =EDATE(DATE(2024,3,31),-1) | C12: cached_equal | D12: EDATE(DATE(2024,3,31),-1)
A13: eomonth-year-back-1904 | B13: =EOMONTH(DATE(2024,1,1),-1) | C13: cached_equal | D13: EOMONTH(DATE(2024,1,1),-1)
A14: styled-serial-59-1904 | B14: =Inputs!F1+0 | C14: cached_equal | D14: Inputs!F1+0
A15: styled-serial-60-1904 | B15: =Inputs!F2+0 | C15: cached_equal | D15: Inputs!F2+0
A16: styled-serial-61-1904 | B16: =Inputs!F3+0 | C16: cached_equal | D16: Inputs!F3+0
A17: styled-serial-60-day-1904 | B17: =DAY(Inputs!F2) | C17: cached_equal | D17: DAY(Inputs!F2)
A18: styled-submillisecond-time-1904 | B18: =Inputs!F4+0 | C18: cached_equal | D18: Inputs!F4+0
A19: styled-submillisecond-seconds-1904 | B19: =Inputs!F4*86400 | C19: cached_equal | D19: Inputs!F4*86400
A20: styled-submillisecond-datetime-1904 | B20: =Inputs!F5+0 | C20: cached_equal | D20: Inputs!F5+0
A21: time-negative-1904 | B21: =TIME(-1,0,0) | C21: cached_equal | D21: TIME(-1,0,0)
A22: time-fraction-1904 | B22: =TIME(1,2,3) | C22: cached_equal | D22: TIME(1,2,3)

Sheet Scoped
A1: Case ID | B1: Native formula result | C1: Mode | D1: Original formula
