Workbook
Name GlobalRate: 0.125
Name Numbers: Inputs!$A$1:$A$8
Name Rate: 0.2
Name Rate: 0.1

Sheet Inputs
A1: 2 | B1: TRUE | C1: apple | D1: red | E1: 1 | F1: 59
A2: 4 | B2: FALSE | C2: apricot | D2: red | E2: 2 | F2: 60
A3: 4 | B3: 3 | C3: a*b | D3: blue | E3: 3 | F3: 61
A4: 8 | B4: x | C4: A?b | D4: red | E4: 4 | F4: 0.12345679
A5: 10 | C5: berry | D5: blue | E5: 5 | F5: 45292.123
A6: 12 | B6: 0 | C6: alpha | D6: red | E6: 6
A7: 14 | B7: ="" | C7: ~ | D7: blue | E7: 7
A8: 16 | B8: 5 | D8: red | E8: 8

Sheet Lookup
A1: 1 | B1: one | D1: 9
A2: 3 | B2: three | D2: 5
A3: 5 | B3: five | D3: 3
A4: 9 | B4: nine | D4: 1
A6: 1 | B6: 3 | C6: 5 | D6: 9
A7: 10 | B7: 30 | C7: 50 | D7: 90

Sheet Matrix
A1: 1 | B1: 2 | C1: 3
A2: 4 | B2: 5 | C2: 6
A3: 7 | B3: 8 | C3: 9

Sheet Hidden
A1: 1 | B1: 10
A2: 2 | B2: 20
A3: 3
A4: 4
A5: 5
A6: =SUBTOTAL(9,B1:B2) -> 30
A7: text

Sheet Flows
A1: -1000
A2: 300
A3: 400
A4: 500

Sheet Errors
A1: #NULL!
A2: #DIV/0!
A3: #VALUE!
A4: #REF!
A5: #NAME?
A6: #NUM!
A7: #N/A
A8: #N/A

Sheet Stability
A1: 100000000001
A2: 100000000002
A3: 100000000003
A4: 100000000004

Sheet Jan
A1: 10

Sheet Feb
A1: 20

Sheet Mar
A1: 30

Sheet Cases
A1: Case ID | B1: Native formula result | C1: Mode | D1: Original formula
A2: function-abs | B2: =ABS(-7.25) -> 7.25 | C2: cached_equal | D2: ABS(-7.25)
A3: function-acos | B3: =ACOS(0.25) -> 1.3181161 | C3: cached_equal | D3: ACOS(0.25)
A4: function-asin | B4: =ASIN(-0.25) -> -0.25268026 | C4: cached_equal | D4: ASIN(-0.25)
A5: function-atan | B5: =ATAN(2) -> 1.1071487 | C5: cached_equal | D5: ATAN(2)
A6: function-atan2 | B6: =ATAN2(-3,4) -> 2.2142974 | C6: cached_equal | D6: ATAN2(-3,4)
A7: function-ceiling | B7: =CEILING(4.3,0.5) -> 4.5 | C7: cached_equal | D7: CEILING(4.3,0.5)
A8: function-ceiling-math | B8: =_xlfn.CEILING.MATH(-4.3,2,1) -> -6 | C8: cached_equal | D8: CEILING.MATH(-4.3,2,1)
A9: function-cos | B9: =COS(0.75) -> 0.73168887 | C9: cached_equal | D9: COS(0.75)
A10: function-degrees | B10: =DEGREES(1.25) -> 71.619724 | C10: cached_equal | D10: DEGREES(1.25)
A11: function-even | B11: =EVEN(-3.2) -> -4 | C11: cached_equal | D11: EVEN(-3.2)
A12: function-exp | B12: =EXP(1.5) -> 4.4816891 | C12: cached_equal | D12: EXP(1.5)
A13: function-fact | B13: =FACT(7) -> 5040 | C13: cached_equal | D13: FACT(7)
A14: function-floor | B14: =FLOOR(4.7,0.5) -> 4.5 | C14: cached_equal | D14: FLOOR(4.7,0.5)
A15: function-floor-math | B15: =_xlfn.FLOOR.MATH(-4.3,2,1) -> -4 | C15: cached_equal | D15: FLOOR.MATH(-4.3,2,1)
A16: function-gcd | B16: =GCD(24,36,54) -> 6 | C16: cached_equal | D16: GCD(24,36,54)
A17: function-int | B17: =INT(-3.2) -> -4 | C17: cached_equal | D17: INT(-3.2)
A18: function-lcm | B18: =LCM(6,8,9) -> 72 | C18: cached_equal | D18: LCM(6,8,9)
A19: function-ln | B19: =LN(2.5) -> 0.91629073 | C19: cached_equal | D19: LN(2.5)
A20: function-log | B20: =LOG(125,5) -> 3 | C20: cached_equal | D20: LOG(125,5)
A21: function-log10 | B21: =LOG10(1000) -> 3 | C21: cached_equal | D21: LOG10(1000)
A22: function-mod | B22: =MOD(-7,3) -> 2 | C22: cached_equal | D22: MOD(-7,3)
A23: function-mround | B23: =MROUND(10,3) -> 9 | C23: cached_equal | D23: MROUND(10,3)
A24: function-odd | B24: =ODD(-2.1) -> -3 | C24: cached_equal | D24: ODD(-2.1)
A25: function-pi | B25: =PI() -> 3.1415927 | C25: cached_equal | D25: PI()
A26: function-power | B26: =POWER(2.5,3) -> 15.625 | C26: cached_equal | D26: POWER(2.5,3)
A27: function-product | B27: =PRODUCT(Inputs!A1:A4) -> 256 | C27: cached_equal | D27: PRODUCT(Inputs!A1:A4)
A28: function-quotient | B28: =QUOTIENT(-7,3) -> -2 | C28: cached_equal | D28: QUOTIENT(-7,3)
A29: function-radians | B29: =RADIANS(135) -> 2.3561945 | C29: cached_equal | D29: RADIANS(135)
A30: function-rand | B30: =RAND() -> 0.54258762 | C30: behavior_only | D30: RAND()
A31: function-randbetween | B31: =RANDBETWEEN(-5,7) -> 7 | C31: behavior_only | D31: RANDBETWEEN(-5,7)
A32: function-round | B32: =ROUND(2.675,2) -> 2.68 | C32: cached_equal | D32: ROUND(2.675,2)
A33: function-rounddown | B33: =ROUNDDOWN(-3.14159,3) -> -3.141 | C33: cached_equal | D33: ROUNDDOWN(-3.14159,3)
A34: function-roundup | B34: =ROUNDUP(-3.14159,3) -> -3.142 | C34: cached_equal | D34: ROUNDUP(-3.14159,3)
A35: function-sign | B35: =SIGN(-0.001) -> -1 | C35: cached_equal | D35: SIGN(-0.001)
A36: function-sin | B36: =SIN(0.75) -> 0.68163876 | C36: cached_equal | D36: SIN(0.75)
A37: function-sqrt | B37: =SQRT(2) -> 1.4142136 | C37: cached_equal | D37: SQRT(2)
A38: function-subtotal | B38: =SUBTOTAL(9,Hidden!A1:A8) -> 15 | C38: cached_equal | D38: SUBTOTAL(9,Hidden!A1:A8)
A39: function-sum | B39: =SUM(Inputs!A1:A8) -> 70 | C39: cached_equal | D39: SUM(Inputs!A1:A8)
A40: function-sumif | B40: =SUMIF(Inputs!C1:C8,"a*",Inputs!A1:A8) -> 30 | C40: cached_equal | D40: SUMIF(Inputs!C1:C8,"a*",Inputs!A1:A8)
A41: function-sumifs | B41: =SUMIFS(Inputs!A1:A8,Inputs!C1:C8,"a*",Inputs!D1:D8,"red") -> 26 | C41: cached_equal | D41: SUMIFS(Inputs!A1:A8,Inputs!C1:C8,"a*",Inputs!D1:D8,"red")
A42: function-sumproduct | B42: =SUMPRODUCT(Inputs!A1:A8,Inputs!E1:E8) -> 402 | C42: cached_equal | D42: SUMPRODUCT(Inputs!A1:A8,Inputs!E1:E8)
A43: function-tan | B43: =TAN(0.75) -> 0.93159646 | C43: cached_equal | D43: TAN(0.75)
A44: function-trunc | B44: =TRUNC(-3.14159,3) -> -3.141 | C44: cached_equal | D44: TRUNC(-3.14159,3)
A45: function-average | B45: =AVERAGE(Inputs!A1:A8) -> 8.75 | C45: cached_equal | D45: AVERAGE(Inputs!A1:A8)
A46: function-averagea | B46: =AVERAGEA(Inputs!B1:B8) -> 0.85714286 | C46: cached_equal | D46: AVERAGEA(Inputs!B1:B8)
A47: function-averageif | B47: =AVERAGEIF(Inputs!C1:C8,"a*",Inputs!A1:A8) -> 6 | C47: cached_equal | D47: AVERAGEIF(Inputs!C1:C8,"a*",Inputs!A1:A8)
A48: function-averageifs | B48: =AVERAGEIFS(Inputs!A1:A8,Inputs!C1:C8,"a*",Inputs!D1:D8,"red") -> 6.5 | C48: cached_equal | D48: AVERAGEIFS(Inputs!A1:A8,Inputs!C1:C8,"a*",Inputs!D1:D8,"red")
A49: function-count | B49: =COUNT(Inputs!B1:B8) -> 2 | C49: cached_equal | D49: COUNT(Inputs!B1:B8)
A50: function-counta | B50: =COUNTA(Inputs!B1:B8) -> 7 | C50: cached_equal | D50: COUNTA(Inputs!B1:B8)
A51: function-countblank | B51: =COUNTBLANK(Inputs!B1:B8) -> 2 | C51: cached_equal | D51: COUNTBLANK(Inputs!B1:B8)
A52: function-countif | B52: =COUNTIF(Inputs!C1:C8,"a*") -> 5 | C52: cached_equal | D52: COUNTIF(Inputs!C1:C8,"a*")
A53: function-countifs | B53: =COUNTIFS(Inputs!C1:C8,"a*",Inputs!D1:D8,"red") -> 4 | C53: cached_equal | D53: COUNTIFS(Inputs!C1:C8,"a*",Inputs!D1:D8,"red")
A54: function-large | B54: =LARGE(Inputs!A1:A8,3) -> 12 | C54: cached_equal | D54: LARGE(Inputs!A1:A8,3)
A55: function-max | B55: =MAX(Inputs!A1:A8) -> 16 | C55: cached_equal | D55: MAX(Inputs!A1:A8)
A56: function-maxa | B56: =MAXA(Inputs!B1:B8) -> 5 | C56: cached_equal | D56: MAXA(Inputs!B1:B8)
A57: function-maxifs | B57: =_xlfn.MAXIFS(Inputs!A1:A8,Inputs!D1:D8,"red") -> 16 | C57: cached_equal | D57: MAXIFS(Inputs!A1:A8,Inputs!D1:D8,"red")
A58: function-median | B58: =MEDIAN(Inputs!A1:A8) -> 9 | C58: cached_equal | D58: MEDIAN(Inputs!A1:A8)
A59: function-min | B59: =MIN(Inputs!A1:A8) -> 2 | C59: cached_equal | D59: MIN(Inputs!A1:A8)
A60: function-mina | B60: =MINA(Inputs!B1:B8) -> 0 | C60: cached_equal | D60: MINA(Inputs!B1:B8)
A61: function-minifs | B61: =_xlfn.MINIFS(Inputs!A1:A8,Inputs!D1:D8,"blue") -> 4 | C61: cached_equal | D61: MINIFS(Inputs!A1:A8,Inputs!D1:D8,"blue")
A62: function-mode | B62: =MODE(Inputs!A1:A8) -> 4 | C62: cached_equal | D62: MODE(Inputs!A1:A8)
A63: function-mode-sngl | B63: =_xlfn.MODE.SNGL(Inputs!A1:A8) -> 4 | C63: cached_equal | D63: MODE.SNGL(Inputs!A1:A8)
A64: function-percentile | B64: =PERCENTILE(Inputs!A1:A8,0.3) -> 4.4 | C64: cached_equal | D64: PERCENTILE(Inputs!A1:A8,0.3)
A65: function-percentile-inc | B65: =_xlfn.PERCENTILE.INC(Inputs!A1:A8,0.3) -> 4.4 | C65: cached_equal | D65: PERCENTILE.INC(Inputs!A1:A8,0.3)
A66: function-quartile | B66: =QUARTILE(Inputs!A1:A8,1) -> 4 | C66: cached_equal | D66: QUARTILE(Inputs!A1:A8,1)
A67: function-quartile-inc | B67: =_xlfn.QUARTILE.INC(Inputs!A1:A8,3) -> 12.5 | C67: cached_equal | D67: QUARTILE.INC(Inputs!A1:A8,3)
A68: function-rank | B68: =RANK(8,Inputs!A1:A8,0) -> 5 | C68: cached_equal | D68: RANK(8,Inputs!A1:A8,0)
A69: function-rank-eq | B69: =_xlfn.RANK.EQ(4,Inputs!A1:A8,1) -> 2 | C69: cached_equal | D69: RANK.EQ(4,Inputs!A1:A8,1)
A70: function-small | B70: =SMALL(Inputs!A1:A8,3) -> 4 | C70: cached_equal | D70: SMALL(Inputs!A1:A8,3)
A71: function-stdev | B71: =STDEV(Inputs!A1:A8) -> 5.1199888 | C71: cached_equal | D71: STDEV(Inputs!A1:A8)
A72: function-stdev-p | B72: =_xlfn.STDEV.P(Inputs!A1:A8) -> 4.789311 | C72: cached_equal | D72: STDEV.P(Inputs!A1:A8)
A73: function-stdev-s | B73: =_xlfn.STDEV.S(Inputs!A1:A8) -> 5.1199888 | C73: cached_equal | D73: STDEV.S(Inputs!A1:A8)
A74: function-stdevp | B74: =STDEVP(Inputs!A1:A8) -> 4.789311 | C74: cached_equal | D74: STDEVP(Inputs!A1:A8)
A75: function-var | B75: =VAR(Inputs!A1:A8) -> 26.214286 | C75: cached_equal | D75: VAR(Inputs!A1:A8)
A76: function-var-p | B76: =_xlfn.VAR.P(Inputs!A1:A8) -> 22.9375 | C76: cached_equal | D76: VAR.P(Inputs!A1:A8)
A77: function-var-s | B77: =_xlfn.VAR.S(Inputs!A1:A8) -> 26.214286 | C77: cached_equal | D77: VAR.S(Inputs!A1:A8)
A78: function-varp | B78: =VARP(Inputs!A1:A8) -> 22.9375 | C78: cached_equal | D78: VARP(Inputs!A1:A8)
A79: function-and | B79: =AND(TRUE,2,Inputs!A1>0) -> TRUE | C79: cached_equal | D79: AND(TRUE,2,Inputs!A1>0)
A80: function-false | B80: =FALSE() -> FALSE | C80: cached_equal | D80: FALSE()
A81: function-if | B81: =IF(Inputs!A1>0,11,1/0) -> 11 | C81: cached_equal | D81: IF(Inputs!A1>0,11,1/0)
A82: function-iferror | B82: =IFERROR(1/0,17) -> 17 | C82: cached_equal | D82: IFERROR(1/0,17)
A83: function-ifna | B83: =_xlfn.IFNA(NA(),19) -> 19 | C83: cached_equal | D83: IFNA(NA(),19)
A84: function-ifs | B84: =_xlfn.IFS(FALSE,1,Inputs!A1=2,2,TRUE,3) -> 2 | C84: cached_equal | D84: IFS(FALSE,1,Inputs!A1=2,2,TRUE,3)
A85: function-not | B85: =NOT(0) -> TRUE | C85: cached_equal | D85: NOT(0)
A86: function-or | B86: =OR(FALSE,0,Inputs!A1) -> TRUE | C86: cached_equal | D86: OR(FALSE,0,Inputs!A1)
A87: function-switch | B87: =_xlfn.SWITCH(3,1,"one",3,"three","other") -> three | C87: cached_equal | D87: SWITCH(3,1,"one",3,"three","other")
A88: function-true | B88: =TRUE() -> TRUE | C88: cached_equal | D88: TRUE()
A89: function-xor | B89: =_xlfn.XOR(TRUE,FALSE,TRUE) -> FALSE | C89: cached_equal | D89: XOR(TRUE,FALSE,TRUE)
A90: function-address | B90: =ADDRESS(3,4,2,TRUE,"Q1 Sales") -> 'Q1 Sales'!D$3 | C90: cached_equal | D90: ADDRESS(3,4,2,TRUE,"Q1 Sales")
A91: function-choose | B91: =CHOOSE(2,"red","green","blue") -> green | C91: cached_equal | D91: CHOOSE(2,"red","green","blue")
A92: function-column | B92: =COLUMN(Matrix!B2) -> 2 | C92: cached_equal | D92: COLUMN(Matrix!B2)
A93: function-columns | B93: =COLUMNS(Matrix!A1:C3) -> 3 | C93: cached_equal | D93: COLUMNS(Matrix!A1:C3)
A94: function-hlookup | B94: =HLOOKUP(4,Lookup!A6:D7,2,TRUE) -> 30 | C94: cached_equal | D94: HLOOKUP(4,Lookup!A6:D7,2,TRUE)
A95: function-index | B95: =INDEX(Matrix!A1:C3,2,3) -> 6 | C95: cached_equal | D95: INDEX(Matrix!A1:C3,2,3)
A96: function-indirect | B96: =INDIRECT("Matrix!B2",TRUE) -> 5 | C96: cached_equal | D96: INDIRECT("Matrix!B2",TRUE)
A97: function-lookup | B97: =LOOKUP(4,Lookup!A1:A4,Lookup!B1:B4) -> three | C97: cached_equal | D97: LOOKUP(4,Lookup!A1:A4,Lookup!B1:B4)
A98: function-match | B98: =MATCH(4,Lookup!A1:A4,1) -> 2 | C98: cached_equal | D98: MATCH(4,Lookup!A1:A4,1)
A99: function-offset | B99: =SUM(OFFSET(Matrix!A1,1,1,2,2)) -> 28 | C99: cached_equal | D99: SUM(OFFSET(Matrix!A1,1,1,2,2))
A100: function-row | B100: =ROW(Matrix!B2) -> 2 | C100: cached_equal | D100: ROW(Matrix!B2)
...

Sheet Scoped
A1: Case ID | B1: Native formula result | C1: Mode | D1: Original formula
A2: name-local | B2: =Rate*100 -> 20 | C2: cached_equal | D2: Rate*100
